{
  "images" : [
    {
      "idiom" : "universal",
      "filename" : "iconfinder_38_-_Action_parameters_params_preferences_setting_settings_tools_icon_5875997.png",
      "scale" : "1x"
    },
    {
      "idiom" : "universal",
      "filename" : "iconfinder_38_-_Action_parameters_params_preferences_setting_settings_tools_icon_5875997-1.png",
      "scale" : "2x"
    },
    {
      "idiom" : "universal",
      "filename" : "iconfinder_38_-_Action_parameters_params_preferences_setting_settings_tools_icon_5875997-2.png",
      "scale" : "3x"
    }
  ],
  "info" : {
    "version" : 1,
    "author" : "xcode"
  }
}